id,category,file,line,link_local,link_github,context,matchType,text_current,text_revised,status,notes
home.tagline.line1,home,src/screens/HomeScreen.tsx,32,vscode://file/Users/kogunriitari/dev/web/bloom-me/src/screens/HomeScreen.tsx:32,https://github.com/mfuru363-create/bloom-me/blob/main/src/screens/HomeScreen.tsx#L32,p tagline 1行目,literal,歴史の美しい時代から、,,draft,
home.tagline.line2,home,src/screens/HomeScreen.tsx,34,vscode://file/Users/kogunriitari/dev/web/bloom-me/src/screens/HomeScreen.tsx:34,https://github.com/mfuru363-create/bloom-me/blob/main/src/screens/HomeScreen.tsx#L34,p tagline 2行目,literal,花の精霊として生まれ変わろう,,draft,
home.gender_female,home,src/screens/HomeScreen.tsx,42,vscode://file/Users/kogunriitari/dev/web/bloom-me/src/screens/HomeScreen.tsx:42,https://github.com/mfuru363-create/bloom-me/blob/main/src/screens/HomeScreen.tsx#L42,button 女性レーン,literal,女性の精霊,,draft,
home.gender_male,home,src/screens/HomeScreen.tsx,49,vscode://file/Users/kogunriitari/dev/web/bloom-me/src/screens/HomeScreen.tsx:49,https://github.com/mfuru363-create/bloom-me/blob/main/src/screens/HomeScreen.tsx#L49,button 男性レーン,literal,男性の精霊,,draft,
home.high_quality_note,home,src/screens/HomeScreen.tsx,53,vscode://file/Users/kogunriitari/dev/web/bloom-me/src/screens/HomeScreen.tsx:53,https://github.com/mfuru363-create/bloom-me/blob/main/src/screens/HomeScreen.tsx#L53,p footnote,literal,※ 高品質モードは1日1回まで利用できます,,draft,
nav.back_to_home,nav,src/components/BloomMeApp.tsx,38,vscode://file/Users/kogunriitari/dev/web/bloom-me/src/components/BloomMeApp.tsx:38,https://github.com/mfuru363-create/bloom-me/blob/main/src/components/BloomMeApp.tsx#L38,header button,literal,← トップへ,,draft,
nav.footer_credit,nav,src/components/BloomMeApp.tsx,55,vscode://file/Users/kogunriitari/dev/web/bloom-me/src/components/BloomMeApp.tsx:55,https://github.com/mfuru363-create/bloom-me/blob/main/src/components/BloomMeApp.tsx#L55,footer p,literal,Google Gemini で生成,,draft,
gen.step1.title,generator,src/screens/GeneratorScreen.tsx,126,vscode://file/Users/kogunriitari/dev/web/bloom-me/src/screens/GeneratorScreen.tsx:126,https://github.com/mfuru363-create/bloom-me/blob/main/src/screens/GeneratorScreen.tsx#L126,h2 step 1,literal,1. 国花を選ぶ,,draft,
gen.step2.title,generator,src/screens/GeneratorScreen.tsx,138,vscode://file/Users/kogunriitari/dev/web/bloom-me/src/screens/GeneratorScreen.tsx:138,https://github.com/mfuru363-create/bloom-me/blob/main/src/screens/GeneratorScreen.tsx#L138,h2 step 2,literal,2. 写真から変身,,draft,
gen.step2.optional,generator,src/screens/GeneratorScreen.tsx,139,vscode://file/Users/kogunriitari/dev/web/bloom-me/src/screens/GeneratorScreen.tsx:139,https://github.com/mfuru363-create/bloom-me/blob/main/src/screens/GeneratorScreen.tsx#L139,span optional,literal,（任意）,,draft,
gen.step3.title,generator,src/screens/GeneratorScreen.tsx,152,vscode://file/Users/kogunriitari/dev/web/bloom-me/src/screens/GeneratorScreen.tsx:152,https://github.com/mfuru363-create/bloom-me/blob/main/src/screens/GeneratorScreen.tsx#L152,h2 step 3,literal,3. 精霊をカスタマイズ,,draft,
gen.step4.title,generator,src/screens/GeneratorScreen.tsx,166,vscode://file/Users/kogunriitari/dev/web/bloom-me/src/screens/GeneratorScreen.tsx:166,https://github.com/mfuru363-create/bloom-me/blob/main/src/screens/GeneratorScreen.tsx#L166,h2 step 4,literal,4. 完成した精霊,,draft,
gen.error.fallback,error,src/screens/GeneratorScreen.tsx,102,vscode://file/Users/kogunriitari/dev/web/bloom-me/src/screens/GeneratorScreen.tsx:102,https://github.com/mfuru363-create/bloom-me/blob/main/src/screens/GeneratorScreen.tsx#L102,throw fallback,literal,生成に失敗しました,,draft,
gen.error.unexpected,error,src/screens/GeneratorScreen.tsx,108,vscode://file/Users/kogunriitari/dev/web/bloom-me/src/screens/GeneratorScreen.tsx:108,https://github.com/mfuru363-create/bloom-me/blob/main/src/screens/GeneratorScreen.tsx#L108,catch fallback,literal,予期しないエラーが発生しました,,draft,
form.default.personality,form,src/components/GenerationForm.tsx,66,vscode://file/Users/kogunriitari/dev/web/bloom-me/src/components/GenerationForm.tsx:66,https://github.com/mfuru363-create/bloom-me/blob/main/src/components/GenerationForm.tsx#L66,useState default,literal,"穏やか, 優雅",,draft,
form.default.color_tone,form,src/components/GenerationForm.tsx,69,vscode://file/Users/kogunriitari/dev/web/bloom-me/src/components/GenerationForm.tsx:69,https://github.com/mfuru363-create/bloom-me/blob/main/src/components/GenerationForm.tsx#L69,useState default,literal,"温かく, やさしい",,draft,
form.quality.label,form,src/components/GenerationForm.tsx,106,vscode://file/Users/kogunriitari/dev/web/bloom-me/src/components/GenerationForm.tsx:106,https://github.com/mfuru363-create/bloom-me/blob/main/src/components/GenerationForm.tsx#L106,label,literal,生成クオリティ,,draft,
form.quality.standard,form,src/components/GenerationForm.tsx,125,vscode://file/Users/kogunriitari/dev/web/bloom-me/src/components/GenerationForm.tsx:125,https://github.com/mfuru363-create/bloom-me/blob/main/src/components/GenerationForm.tsx#L125,button standard,literal,スタンダード,,draft,
form.quality.high,form,src/components/GenerationForm.tsx,125,vscode://file/Users/kogunriitari/dev/web/bloom-me/src/components/GenerationForm.tsx:125,https://github.com/mfuru363-create/bloom-me/blob/main/src/components/GenerationForm.tsx#L125,button high,literal,高品質（写実）,,draft,
form.quality.standard_desc,form,src/components/GenerationForm.tsx,132,vscode://file/Users/kogunriitari/dev/web/bloom-me/src/components/GenerationForm.tsx:132,https://github.com/mfuru363-create/bloom-me/blob/main/src/components/GenerationForm.tsx#L132,p description,literal,ファンタジー調のイラスト風（回数制限なし）,,draft,
form.quality.high_desc,form,src/components/GenerationForm.tsx,133,vscode://file/Users/kogunriitari/dev/web/bloom-me/src/components/GenerationForm.tsx:133,https://github.com/mfuru363-create/bloom-me/blob/main/src/components/GenerationForm.tsx#L133,p description,literal,高精細・写実的な仕上がり（1日1回まで）,,draft,
form.quality.high_used,form,src/components/GenerationForm.tsx,136,vscode://file/Users/kogunriitari/dev/web/bloom-me/src/components/GenerationForm.tsx:136,https://github.com/mfuru363-create/bloom-me/blob/main/src/components/GenerationForm.tsx#L136,span warning,literal,高品質モードは本日分を使用済みです。明日またお試しください。,,draft,
form.personality.label,form,src/components/GenerationForm.tsx,144,vscode://file/Users/kogunriitari/dev/web/bloom-me/src/components/GenerationForm.tsx:144,https://github.com/mfuru363-create/bloom-me/blob/main/src/components/GenerationForm.tsx#L144,InputField label,literal,性格（カンマ区切り）,,draft,
form.personality.placeholder,form,src/components/GenerationForm.tsx,148,vscode://file/Users/kogunriitari/dev/web/bloom-me/src/components/GenerationForm.tsx:148,https://github.com/mfuru363-create/bloom-me/blob/main/src/components/GenerationForm.tsx#L148,InputField placeholder,literal,"例：穏やか, 優雅, 情熱的",,draft,
form.outfit.label,form,src/components/GenerationForm.tsx,152,vscode://file/Users/kogunriitari/dev/web/bloom-me/src/components/GenerationForm.tsx:152,https://github.com/mfuru363-create/bloom-me/blob/main/src/components/GenerationForm.tsx#L152,InputField label,literal,衣装,,draft,
form.outfit.placeholder,form,src/components/GenerationForm.tsx,156,vscode://file/Users/kogunriitari/dev/web/bloom-me/src/components/GenerationForm.tsx:156,https://github.com/mfuru363-create/bloom-me/blob/main/src/components/GenerationForm.tsx#L156,InputField placeholder,literal,精霊の衣装・装い,,draft,
form.background.label,form,src/components/GenerationForm.tsx,160,vscode://file/Users/kogunriitari/dev/web/bloom-me/src/components/GenerationForm.tsx:160,https://github.com/mfuru363-create/bloom-me/blob/main/src/components/GenerationForm.tsx#L160,InputField label,literal,背景,,draft,
form.background.placeholder,form,src/components/GenerationForm.tsx,164,vscode://file/Users/kogunriitari/dev/web/bloom-me/src/components/GenerationForm.tsx:164,https://github.com/mfuru363-create/bloom-me/blob/main/src/components/GenerationForm.tsx#L164,InputField placeholder,literal,時代背景・シーン,,draft,
form.color_tone.label,form,src/components/GenerationForm.tsx,168,vscode://file/Users/kogunriitari/dev/web/bloom-me/src/components/GenerationForm.tsx:168,https://github.com/mfuru363-create/bloom-me/blob/main/src/components/GenerationForm.tsx#L168,InputField label,literal,色調・光,,draft,
form.color_tone.placeholder,form,src/components/GenerationForm.tsx,172,vscode://file/Users/kogunriitari/dev/web/bloom-me/src/components/GenerationForm.tsx:172,https://github.com/mfuru363-create/bloom-me/blob/main/src/components/GenerationForm.tsx#L172,InputField placeholder,literal,"例：温かく, やさしい",,draft,
form.submit.loading,form,src/components/GenerationForm.tsx,192,vscode://file/Users/kogunriitari/dev/web/bloom-me/src/components/GenerationForm.tsx:192,https://github.com/mfuru363-create/bloom-me/blob/main/src/components/GenerationForm.tsx#L192,submit button loading,literal,生成中...,,draft,
form.submit.cooldown,form,src/components/GenerationForm.tsx,195,vscode://file/Users/kogunriitari/dev/web/bloom-me/src/components/GenerationForm.tsx:195,https://github.com/mfuru363-create/bloom-me/blob/main/src/components/GenerationForm.tsx#L195,submit button cooldown template,template,${limits.cooldownRemainingSec} 秒後に再生成できます,,draft,
form.submit.default,form,src/components/GenerationForm.tsx,197,vscode://file/Users/kogunriitari/dev/web/bloom-me/src/components/GenerationForm.tsx:197,https://github.com/mfuru363-create/bloom-me/blob/main/src/components/GenerationForm.tsx#L197,submit button default,literal,花の精霊に変身する,,draft,
preview.loading.main,preview,src/components/ImagePreview.tsx,22,vscode://file/Users/kogunriitari/dev/web/bloom-me/src/components/ImagePreview.tsx:22,https://github.com/mfuru363-create/bloom-me/blob/main/src/components/ImagePreview.tsx#L22,Spinner p,literal,花の精霊が咲いています...,,draft,
preview.loading.sub,preview,src/components/ImagePreview.tsx,23,vscode://file/Users/kogunriitari/dev/web/bloom-me/src/components/ImagePreview.tsx:23,https://github.com/mfuru363-create/bloom-me/blob/main/src/components/ImagePreview.tsx#L23,Spinner p sub,literal,30秒ほどお待ちください,,draft,
preview.error.title,preview,src/components/ImagePreview.tsx,44,vscode://file/Users/kogunriitari/dev/web/bloom-me/src/components/ImagePreview.tsx:44,https://github.com/mfuru363-create/bloom-me/blob/main/src/components/ImagePreview.tsx#L44,h3 error title,literal,生成に失敗しました,,draft,
preview.alt.generated,preview,src/components/ImagePreview.tsx,53,vscode://file/Users/kogunriitari/dev/web/bloom-me/src/components/ImagePreview.tsx:53,https://github.com/mfuru363-create/bloom-me/blob/main/src/components/ImagePreview.tsx#L53,img alt,literal,生成された花の精霊,,draft,
preview.empty.title,preview,src/components/ImagePreview.tsx,74,vscode://file/Users/kogunriitari/dev/web/bloom-me/src/components/ImagePreview.tsx:74,https://github.com/mfuru363-create/bloom-me/blob/main/src/components/ImagePreview.tsx#L74,empty state p,literal,ここに生成画像が表示されます,,draft,
preview.empty.sub,preview,src/components/ImagePreview.tsx,75,vscode://file/Users/kogunriitari/dev/web/bloom-me/src/components/ImagePreview.tsx:75,https://github.com/mfuru363-create/bloom-me/blob/main/src/components/ImagePreview.tsx#L75,empty state p sub,literal,花を選んでカスタマイズし、生成ボタンを押してください,,draft,
preview.save,preview,src/components/ImagePreview.tsx,87,vscode://file/Users/kogunriitari/dev/web/bloom-me/src/components/ImagePreview.tsx:87,https://github.com/mfuru363-create/bloom-me/blob/main/src/components/ImagePreview.tsx#L87,button save,literal,画像を保存,,draft,
preview.reset,preview,src/components/ImagePreview.tsx,94,vscode://file/Users/kogunriitari/dev/web/bloom-me/src/components/ImagePreview.tsx:94,https://github.com/mfuru363-create/bloom-me/blob/main/src/components/ImagePreview.tsx#L94,button reset,literal,もう一度つくる,,draft,
uploader.error.process,uploader,src/components/ImageUploader.tsx,37,vscode://file/Users/kogunriitari/dev/web/bloom-me/src/components/ImageUploader.tsx:37,https://github.com/mfuru363-create/bloom-me/blob/main/src/components/ImageUploader.tsx#L37,setProcessError,literal,画像の処理に失敗しました。別の写真をお試しください。,,draft,
uploader.alt.preview,uploader,src/components/ImageUploader.tsx,50,vscode://file/Users/kogunriitari/dev/web/bloom-me/src/components/ImageUploader.tsx:50,https://github.com/mfuru363-create/bloom-me/blob/main/src/components/ImageUploader.tsx#L50,img alt,literal,アップロード画像,,draft,
uploader.remove,uploader,src/components/ImageUploader.tsx,60,vscode://file/Users/kogunriitari/dev/web/bloom-me/src/components/ImageUploader.tsx:60,https://github.com/mfuru363-create/bloom-me/blob/main/src/components/ImageUploader.tsx#L60,button remove,literal,画像を削除,,draft,
uploader.compression.after_upload,uploader,src/components/ImageUploader.tsx,65,vscode://file/Users/kogunriitari/dev/web/bloom-me/src/components/ImageUploader.tsx:65,https://github.com/mfuru363-create/bloom-me/blob/main/src/components/ImageUploader.tsx#L65,p after upload template,template,送信時は長辺 {MAX_IMAGE_DIMENSION}px に自動圧縮されます,,draft,
uploader.processing,uploader,src/components/ImageUploader.tsx,107,vscode://file/Users/kogunriitari/dev/web/bloom-me/src/components/ImageUploader.tsx:107,https://github.com/mfuru363-create/bloom-me/blob/main/src/components/ImageUploader.tsx#L107,p processing,literal,画像を圧縮中...,,draft,
uploader.tap_to_select,uploader,src/components/ImageUploader.tsx,112,vscode://file/Users/kogunriitari/dev/web/bloom-me/src/components/ImageUploader.tsx:112,https://github.com/mfuru363-create/bloom-me/blob/main/src/components/ImageUploader.tsx#L112,p tap,literal,タップして写真を選ぶ,,draft,
uploader.compression.before_upload,uploader,src/components/ImageUploader.tsx,115,vscode://file/Users/kogunriitari/dev/web/bloom-me/src/components/ImageUploader.tsx:115,https://github.com/mfuru363-create/bloom-me/blob/main/src/components/ImageUploader.tsx#L115,p before upload template,template,自動で長辺 {MAX_IMAGE_DIMENSION}px に圧縮されます,,draft,
flowers.label.jp_sakura,flowers,src/lib/flowers.ts,137,vscode://file/Users/kogunriitari/dev/web/bloom-me/src/lib/flowers.ts:137,https://github.com/mfuru363-create/bloom-me/blob/main/src/lib/flowers.ts#L137,FLOWER_LABELS,literal,🌸 桜（日本）,,draft,
flowers.label.fr_iris,flowers,src/lib/flowers.ts,138,vscode://file/Users/kogunriitari/dev/web/bloom-me/src/lib/flowers.ts:138,https://github.com/mfuru363-create/bloom-me/blob/main/src/lib/flowers.ts#L138,FLOWER_LABELS,literal,⚜️ アイリス（フランス）,,draft,
flowers.label.es_carnation,flowers,src/lib/flowers.ts,139,vscode://file/Users/kogunriitari/dev/web/bloom-me/src/lib/flowers.ts:139,https://github.com/mfuru363-create/bloom-me/blob/main/src/lib/flowers.ts#L139,FLOWER_LABELS,literal,🌹 カーネーション（スペイン）,,draft,
flowers.label.nl_tulip,flowers,src/lib/flowers.ts,140,vscode://file/Users/kogunriitari/dev/web/bloom-me/src/lib/flowers.ts:140,https://github.com/mfuru363-create/bloom-me/blob/main/src/lib/flowers.ts#L140,FLOWER_LABELS,literal,🌷 チューリップ（オランダ）,,draft,
flowers.label.kr_mugunghwa,flowers,src/lib/flowers.ts,141,vscode://file/Users/kogunriitari/dev/web/bloom-me/src/lib/flowers.ts:141,https://github.com/mfuru363-create/bloom-me/blob/main/src/lib/flowers.ts#L141,FLOWER_LABELS,literal,🌺 無窮花（韓国）,,draft,
flowers.label.us_rose,flowers,src/lib/flowers.ts,142,vscode://file/Users/kogunriitari/dev/web/bloom-me/src/lib/flowers.ts:142,https://github.com/mfuru363-create/bloom-me/blob/main/src/lib/flowers.ts#L142,FLOWER_LABELS,literal,🌹 バラ（アメリカ）,,draft,
flowers.label.it_violet,flowers,src/lib/flowers.ts,143,vscode://file/Users/kogunriitari/dev/web/bloom-me/src/lib/flowers.ts:143,https://github.com/mfuru363-create/bloom-me/blob/main/src/lib/flowers.ts#L143,FLOWER_LABELS,literal,💜 スミレ（イタリア）,,draft,
flowers.label.br_ipe,flowers,src/lib/flowers.ts,144,vscode://file/Users/kogunriitari/dev/web/bloom-me/src/lib/flowers.ts:144,https://github.com/mfuru363-create/bloom-me/blob/main/src/lib/flowers.ts#L144,FLOWER_LABELS,literal,🌼 イペー（ブラジル）,,draft,
flowers.label.gb_tudor_rose,flowers,src/lib/flowers.ts,145,vscode://file/Users/kogunriitari/dev/web/bloom-me/src/lib/flowers.ts:145,https://github.com/mfuru363-create/bloom-me/blob/main/src/lib/flowers.ts#L145,FLOWER_LABELS,literal,👑 チューダーローズ（英国）,,draft,
flowers.label.th_ratchaphruek,flowers,src/lib/flowers.ts,146,vscode://file/Users/kogunriitari/dev/web/bloom-me/src/lib/flowers.ts:146,https://github.com/mfuru363-create/bloom-me/blob/main/src/lib/flowers.ts#L146,FLOWER_LABELS,literal,🌟 ラチャプルック（タイ）,,draft,
flowers.hanakotoba.jp_sakura,flowers,src/lib/flowers.ts,8,vscode://file/Users/kogunriitari/dev/web/bloom-me/src/lib/flowers.ts:8,https://github.com/mfuru363-create/bloom-me/blob/main/src/lib/flowers.ts#L8,hanakotoba jp_sakura,literal,"優美・精神の美 (Grace, beauty of mind)",,draft,
flowers.hanakotoba.fr_iris,flowers,src/lib/flowers.ts,21,vscode://file/Users/kogunriitari/dev/web/bloom-me/src/lib/flowers.ts:21,https://github.com/mfuru363-create/bloom-me/blob/main/src/lib/flowers.ts#L21,hanakotoba fr_iris,literal,"高貴・希望 (Noble, hope)",,draft,
flowers.hanakotoba.es_carnation,flowers,src/lib/flowers.ts,34,vscode://file/Users/kogunriitari/dev/web/bloom-me/src/lib/flowers.ts:34,https://github.com/mfuru363-create/bloom-me/blob/main/src/lib/flowers.ts#L34,hanakotoba es_carnation,literal,情熱 (Passion),,draft,
flowers.hanakotoba.nl_tulip,flowers,src/lib/flowers.ts,47,vscode://file/Users/kogunriitari/dev/web/bloom-me/src/lib/flowers.ts:47,https://github.com/mfuru363-create/bloom-me/blob/main/src/lib/flowers.ts#L47,hanakotoba nl_tulip,literal,"誠実・恋の予感 (Sincerity, premonition of love)",,draft,
flowers.hanakotoba.kr_mugunghwa,flowers,src/lib/flowers.ts,60,vscode://file/Users/kogunriitari/dev/web/bloom-me/src/lib/flowers.ts:60,https://github.com/mfuru363-create/bloom-me/blob/main/src/lib/flowers.ts#L60,hanakotoba kr_mugunghwa,literal,"忍耐・信念 (Perseverance, belief)",,draft,
flowers.hanakotoba.us_rose,flowers,src/lib/flowers.ts,73,vscode://file/Users/kogunriitari/dev/web/bloom-me/src/lib/flowers.ts:73,https://github.com/mfuru363-create/bloom-me/blob/main/src/lib/flowers.ts#L73,hanakotoba us_rose,literal,"愛・勇気 (Love, courage)",,draft,
flowers.hanakotoba.it_violet,flowers,src/lib/flowers.ts,86,vscode://file/Users/kogunriitari/dev/web/bloom-me/src/lib/flowers.ts:86,https://github.com/mfuru363-create/bloom-me/blob/main/src/lib/flowers.ts#L86,hanakotoba it_violet,literal,"謙虚・誠意 (Humility, sincerity)",,draft,
flowers.hanakotoba.br_ipe,flowers,src/lib/flowers.ts,99,vscode://file/Users/kogunriitari/dev/web/bloom-me/src/lib/flowers.ts:99,https://github.com/mfuru363-create/bloom-me/blob/main/src/lib/flowers.ts#L99,hanakotoba br_ipe,literal,"豊かさ・生命力 (Abundance, life force)",,draft,
flowers.hanakotoba.gb_tudor_rose,flowers,src/lib/flowers.ts,112,vscode://file/Users/kogunriitari/dev/web/bloom-me/src/lib/flowers.ts:112,https://github.com/mfuru363-create/bloom-me/blob/main/src/lib/flowers.ts#L112,hanakotoba gb_tudor_rose,literal,"調和・誇り (Harmony, pride)",,draft,
flowers.hanakotoba.th_ratchaphruek,flowers,src/lib/flowers.ts,125,vscode://file/Users/kogunriitari/dev/web/bloom-me/src/lib/flowers.ts:125,https://github.com/mfuru363-create/bloom-me/blob/main/src/lib/flowers.ts#L125,hanakotoba th_ratchaphruek,literal,"友情・繁栄 (Friendship, prosperity)",,draft,
meta.description,meta,src/app/layout.tsx,20,vscode://file/Users/kogunriitari/dev/web/bloom-me/src/app/layout.tsx:20,https://github.com/mfuru363-create/bloom-me/blob/main/src/app/layout.tsx#L20,metadata description,literal,タイムスリップ変身体験アプリ,,draft,
error.api.no_api_key,error,src/app/api/generate-spirit/route.ts,52,vscode://file/Users/kogunriitari/dev/web/bloom-me/src/app/api/generate-spirit/route.ts:52,https://github.com/mfuru363-create/bloom-me/blob/main/src/app/api/generate-spirit/route.ts#L52,API 500,literal,GEMINI_API_KEY が設定されていません,,draft,
error.api.missing_flower,error,src/app/api/generate-spirit/route.ts,71,vscode://file/Users/kogunriitari/dev/web/bloom-me/src/app/api/generate-spirit/route.ts:71,https://github.com/mfuru363-create/bloom-me/blob/main/src/app/api/generate-spirit/route.ts#L71,API 400,literal,flower と country は必須です,,draft,
error.api.cooldown,error,src/app/api/generate-spirit/route.ts,85,vscode://file/Users/kogunriitari/dev/web/bloom-me/src/app/api/generate-spirit/route.ts:85,https://github.com/mfuru363-create/bloom-me/blob/main/src/app/api/generate-spirit/route.ts#L85,API 429 cooldown template,template,生成は ${cooldown.retryAfter} 秒後に再度お試しください,,draft,
error.api.high_quality_limit,error,src/app/api/generate-spirit/route.ts,97,vscode://file/Users/kogunriitari/dev/web/bloom-me/src/app/api/generate-spirit/route.ts:97,https://github.com/mfuru363-create/bloom-me/blob/main/src/app/api/generate-spirit/route.ts#L97,API 429 high quality,literal,高品質モードは1日1回までです。Standard をお試しください。,,draft,
error.api.no_image,error,src/app/api/generate-spirit/route.ts,147,vscode://file/Users/kogunriitari/dev/web/bloom-me/src/app/api/generate-spirit/route.ts:147,https://github.com/mfuru363-create/bloom-me/blob/main/src/app/api/generate-spirit/route.ts#L147,API 502,literal,AIから画像が返されませんでした,,draft,
error.api.generation_failed,error,src/app/api/generate-spirit/route.ts,149,vscode://file/Users/kogunriitari/dev/web/bloom-me/src/app/api/generate-spirit/route.ts:149,https://github.com/mfuru363-create/bloom-me/blob/main/src/app/api/generate-spirit/route.ts#L149,API catch fallback,literal,画像生成に失敗しました,,draft,
